Page,Component,Ref,English,Spanish,French,Hindi
Article,,about_the_author,About The Author,Sobre el Autor,A propos de l'auteur,लेखक के बारे में
Article,,interview,Interview,Entrevista,Interview,साक्षात्कार
Article,,by,By,Por,Par,द्वारा
Article,,rate,Did you enjoy this article?,Disfrutaste este artículo?,Avez-vous apprécié cet article?,क्या आपको ये लेख अच्छा लगा?
Article,,related,More on this topic...,Más sobre este tema ...,Plus sur ce sujet ...,इस विषय पर अधिक ...
Article,,,,,,
Course,,starts,Starts,Empieza,Départs,प्रारंभ होगा
Course,,enroll_by,Enroll By,Inscribir,S'inscrire par,नामांकित करना
Course,,lessons,Lessons,Lecciones,Cours,पाठ
Course,,date,Date,Fecha,Date,दिनांक
Course,,lesson,Lesson,Lección,Leçon,पाठ
Course,,notebook,Notebook,Computadora portátil,Carnet,स्मरण पुस्तक
Course,,files,Files,Archivos,Des dossiers,फ़ाइलें
Course,,,,,,
GDPR,,table_of_contents,Table of Contents,Tabla de contenido,Table des matières,विषयसूची
GDPR,,what_are_cookies,What Are Cookies?,¿Qué son las cookies?,Que sont les cookies?,कुकीज़ क्या हैं?
GDPR,,why_do_we_use,Why Do We Use Cookies?,¿Por qué usamos cookies?,Pourquoi utilisons-nous des cookies?,हम कुकीज़ का उपयोग क्यों करते हैं?
GDPR,,how_to_control,How Can I Control Cookies?,¿Cómo puedo controlar las cookies?,Comment puis-je contrôler les cookies?,मैं कुकीज़ को कैसे नियंत्रित कर सकता हूं?
GDPR,,what_about_tracking,What About Other Tracking Technologies?,¿Qué pasa con otras tecnologías de seguimiento?,Qu'en est-il des autres technologies de suivi?,अन्य ट्रैकिंग प्रौद्योगिकियों के बारे में क्या?
GDPR,,use_flash,Do We Use Flash Cookies Or Local Shared Objects?,¿Usamos cookies flash o objetos compartidos locales?,Utilisons-nous des cookies flash ou des objets partagés locaux?,क्या हम फ्लैश कुकीज़ या स्थानीय साझा वस्तुओं का उपयोग करते हैं?
GDPR,,targeted_ads,Do We Serve Targeted Advertising?,¿Servimos publicidad dirigida?,Servons-nous de la publicité ciblée?,क्या हम लक्षित विज्ञापन की सेवा करते हैं?
GDPR,,how_often_updated,How Often Will We Update This Cookie Policy,¿Con qué frecuencia actualizaremos esta política de cookies?,À quelle fréquence allons-nous mettre à jour cette politique de cookie,हम कितनी बार इस कुकी नीति को अपडेट करेंगे
GDPR,,contact_us,Contact Us,Contáctenos,Nous contacter,संपर्क करें
GDPR,,cookie_policy,COOKIE POLICY,POLÍTICA DE COOKIES,Politique de cookie,कूकी नीति
GDPR,,last_update,Last Updated 9/30/2021,Última actualización 9/30/2021,Dernière mise à jour le 30/09/2021,अंतिम अद्यतन 9/30/2021
GDPR,,,,,,
Edit Profile,,update_your_profile,Update your Profile,Actualiza tu perfil,Mettre à jour votre profil,अपने प्रालेख का अद्यतन करें
Edit Profile,,why_update_your_profile,Update your profile to add more information about yourself or to change your information.,Actualice su perfil para agregar más información sobre usted o para cambiar su información.,Mettez à jour votre profil pour ajouter plus d'informations sur vous-même ou pour modifier vos informations.,अपने बारे में अधिक जानकारी जोड़ने या अपनी जानकारी बदलने के लिए अपनी प्रोफ़ाइल को अपडेट करें।
Edit Profile,,about,About,Sobre,À propos de,के बारे में
Edit Profile,,tell_us_about,Tell us about yourself...,Cuéntanos acerca de tí...,Parlez nous de vous...,आप अपने बारे में बताओ...
Edit Profile,,drop_files,Drop the files here...,Deje caer los archivos aquí ...,Déposez les fichiers ici ...,फ़ाइलों को यहाँ छोड़ें ...
Edit Profile,,drag_files,Drag and drop some files here,Arrastre y suelte algunos archivos aquí,Faites glisser et déposez des fichiers ici,कुछ फ़ाइलों को यहां खींचें और ड्रॉप करें
Edit Profile,,profile_photo,Profile Photo,Foto de perfil,Photo de profil,प्रोफ़ाइल तस्वीर
Edit Profile,,update,Update,Actualizar,Mise à jour,अद्यतन
Edit Profile,,cancel,Cancel,Cancelar,Annuler,रद्द करना
Edit Profile,,loading,Loading...,Cargando...,Chargement...,लोड हो रहा है...
Edit Profile,,couldnt_update_profile,We couldn't update your profile at this time,No pudimos actualizar su perfil en este momento,Nous n'avons pas pu mettre à jour votre profil pour le moment,हम इस समय आपकी प्रोफ़ाइल को अपडेट नहीं कर सकते
Edit Profile,,file_aborted,File reading was aborted,La lectura de archivos fue abortada,La lecture de fichiers a été avortée,फ़ाइल पढ़ना निरस्त कर दिया गया था
Edit Profile,,file_failed,Failed to read the file,No se pudo leer el archivo,Échec de la lecture du fichier,फ़ाइल पढ़ने में विफल
Edit Profile,,format_not_accepted,This file format is not accepted,Este formato de archivo no es aceptado,Ce format de fichier n'est pas accepté,यह फ़ाइल प्रारूप स्वीकार नहीं किया गया है
Edit Profile,,too_large,This file is too large,Este archivo es demasiado grande,Ce fichier est trop grand,यह फ़ाइल बहुत बड़ी है
Edit Profile,,fill_out_about,Please fill out your about section,Por favor complete su sección Acerca de,Veuillez remplir votre section à propos,कृपया अपना खंड भरें
Edit Profile,,,,,,
Index Profile,,joined,Joined,Unido,Joint,में शामिल हो गए
Index Profile,,,,,,
Project Create/Edit,Create,could_not_create,We couldn't create your project at this time,No pudimos crear su proyecto en este momento,Nous ne pouvions pas créer votre projet pour le moment,हम इस समय आपकी परियोजना नहीं बना सके
Project Create/Edit,,file_abort,File reading was aborted,La lectura de archivos fue abortada,La lecture de fichiers a été avortée,फ़ाइल पढ़ना निरस्त कर दिया गया था
Project Create/Edit,,file_failed,Failed to read the file,No se pudo leer el archivo,Échec de la lecture du fichier,फ़ाइल पढ़ने में विफल
Project Create/Edit,,file_format_not_accepted,This file format is not accepted,Este formato de archivo no es aceptado,Ce format de fichier n'est pas accepté,यह फ़ाइल प्रारूप स्वीकार नहीं किया गया है
Project Create/Edit,,file_too_large,This file is too large,Este archivo es demasiado grande,Ce fichier est trop grand,यह फ़ाइल बहुत बड़ी है
Project Create/Edit,,error_title,Please fill out your project title,Complete el título de su proyecto,Veuillez remplir le titre de votre projet,कृपया अपना प्रोजेक्ट शीर्षक भरें
Project Create/Edit,,error_start_date,Please set a valid start date,Establezca una fecha de inicio válida,Veuillez définir une date de début valide,कृपया एक वैध प्रारंभ तिथि निर्धारित करें
Project Create/Edit,,error_end_date,Please set a valid end date,Establezca una fecha de finalización válida,Veuillez définir une date de fin valide,कृपया एक वैध अंत तिथि निर्धारित करें
Project Create/Edit,,error_dates,End date must come after the start date,La fecha de finalización debe llegar después de la fecha de inicio,La date de fin doit venir après la date de début,अंतिम तिथि शुरू होने की तारीख के बाद आना चाहिए
Project Create/Edit,,error_abstract,Please provide a brief overview of your project (or what you plan to complete for your project),Proporcione una breve descripción general de su proyecto (o lo que planea completar para su proyecto),Veuillez fournir un bref aperçu de votre projet (ou de ce que vous prévoyez de terminer pour votre projet),कृपया अपनी परियोजना का एक संक्षिप्त अवलोकन प्रदान करें (या आप अपनी परियोजना के लिए क्या पूरा करने की योजना बना रहे हैं)
Project Create/Edit,,error_email,Please enter a valid email,Por favor introduzca una dirección de correo electrónico válida,Veuillez saisir un e-mail valide,कृपया एक मान्य ईमेल पता प्रवेश करें
Project Create/Edit,,could_not_find_email,We could not find that address,No pudimos encontrar esa dirección,Nous n'avons pas pu trouver cette adresse,हमें वह पता नहीं मिला
Project Create/Edit,,create_project,Create a Project,Crea un proyecto,Créer un projet,एक प्रोजेक्ट बनाएं
Project Create/Edit,,why_create_project,Create a project to share your work and gain feedback from your peers and professional mentors.,Cree un proyecto para compartir su trabajo y obtener comentarios de sus compañeros y mentores profesionales.,Créez un projet pour partager votre travail et obtenir des commentaires de vos pairs et mentors professionnels.,अपने काम को साझा करने और अपने साथियों और पेशेवर आकाओं से प्रतिक्रिया प्राप्त करने के लिए एक परियोजना बनाएं।
Project Create/Edit,,title,Title,Título,Titre,शीर्षक
Project Create/Edit,,start_date,Start Date,Fecha de inicio,Date de début,आरंभ करने की तिथि
Project Create/Edit,,not_required,Not Required,No requerido,Non requis,आवश्यक नहीं
Project Create/Edit,,end_date,End Date,Fecha final,Date de fin,अंतिम तिथि
Project Create/Edit,,summary,Summary,Resumen,Sommaire,सारांश
Project Create/Edit,,add_members,Add Members,Añadir miembros,Ajouter des membres,सदस्य जोड़ें
Project Create/Edit,,fields,Fields,Campos,Des champs,खेत
Project Create/Edit,,drop_files,Drop the files here...,Deje caer los archivos aquí ...,Déposez les fichiers ici ...,फ़ाइलों को यहाँ छोड़ें ...
Project Create/Edit,,drag_files,Drag and drop some files here,Arrastre y suelte algunos archivos aquí,Faites glisser et déposez des fichiers ici,कुछ फ़ाइलों को यहां खींचें और ड्रॉप करें
Project Create/Edit,,suggest_photo,It's suggested that you have at least one photo for display purposes,Se sugiere que tenga al menos una foto para fines de pantalla,Il est suggéré que vous ayez au moins une photo à des fins d'affichage,यह सुझाव दिया गया है कि आपके पास प्रदर्शन उद्देश्यों के लिए कम से कम एक फोटो है
Project Create/Edit,,multiple_photos,"Since you have more than one photo, you can","Como tienes más de una foto, puedes","Puisque vous avez plus d'une photo, vous pouvez","चूंकि आपके पास एक से अधिक फोटो हैं, आप कर सकते हैं"
Project Create/Edit,,set_display_photo,change your display photo,Cambia tu foto de pantalla,Changez votre photo d'affichage,अपना डिस्प्ले फोटो बदलें
Project Create/Edit,,display_photo,Display Photo,Foto,Photo d'affichage,प्रदर्शन फ़ोटो
Project Create/Edit,,other_photo,Other Photo,Otra foto,Autre photo,अन्य फोटो
Project Create/Edit,,create,Create,Crear,Créer,सृजन करना
Project Create/Edit,Edit,update_project,Update your Project,Actualiza tu proyecto,Mettez à jour votre projet,अपनी परियोजना को अपडेट करें
Project Create/Edit,,why_update_project,"Here, you can update your project","Aquí, puede actualizar su proyecto","Ici, vous pouvez mettre à jour votre projet","यहां, आप अपनी परियोजना को अपडेट कर सकते हैं"
Project Create/Edit,,update,Update,Actualizar,Mise à jour,अद्यतन
Project Create/Edit,,cancel,Cancel,Cancelar,Annuler,रद्द करना
Project Create/Edit,,could_not_update,We could not update your project at this time,No pudimos actualizar su proyecto en este momento,Nous n'avons pas pu mettre à jour votre projet pour le moment,हम इस समय आपकी परियोजना को अपडेट नहीं कर सके
Auth,Sign in Educator,auth_invalid_email,"Email address or password is invalid (if logging in with Gmail, try using the button below)","La dirección de correo electrónico o la contraseña no son válidas (si inicia sesión con Gmail, intente usar el botón a continuación)","L'adresse e-mail ou le mot de passe n'est pas valide (si vous vous connectez avec Gmail, essayez d'utiliser le bouton ci-dessous)","ईमेल पता या पासवर्ड अमान्य है (यदि Gmail के साथ लॉग इन करना, नीचे दिए गए बटन का उपयोग करने का प्रयास करें)"
Auth,,auth_user_disabled,The account corresponding to this email has been disabled,La cuenta correspondiente a este correo electrónico ha sido deshabilitado,Le compte correspondant à cet e-mail a été désactivé,इस ईमेल के अनुरूप खाता अक्षम कर दिया गया है
Auth,,auth_user_not_found,There is no account associated with this email,No hay una cuenta asociada con este correo electrónico,Il n'y a aucun compte associé à cet e-mail,इस ईमेल से जुड़ा कोई खाता नहीं है
Auth,,auth_wrong_password,"Email address or password is invalid (if logging in with Gmail, try using the button below)","La dirección de correo electrónico o la contraseña no son válidas (si inicia sesión con Gmail, intente usar el botón a continuación)","L'adresse e-mail ou le mot de passe n'est pas valide (si vous vous connectez avec Gmail, essayez d'utiliser le bouton ci-dessous)","ईमेल पता या पासवर्ड अमान्य है (यदि Gmail के साथ लॉग इन करना, नीचे दिए गए बटन का उपयोग करने का प्रयास करें)"
Auth,,please_verify,Please verify your email before signing in,Verifique su correo electrónico antes de iniciar sesión,Veuillez vérifier votre e-mail avant de vous connecter,कृपया साइन इन करने से पहले अपना ईमेल सत्यापित करें
Auth,,auth_email_in_use,This email is already in use,Este correo electrónico ya está en uso,Cet e-mail est déjà utilisée,यह ईमेल पहले से प्रयोग में है
Auth,,auth_weak_password,The password provided is weak,La contraseña proporcionada es débil,Le mot de passe fourni est faible,प्रदान किया गया पासवर्ड कमजोर है
Auth,,valid_email,Please input a valid email,Ingrese un correo electrónico válido,Veuillez saisir un e-mail valide,कृपया एक मान्य ईमेल इनपुट करें
Auth,,password_whitespace,Password must not contain Whitespaces,La contraseña no debe contener espacios en blanco,Le mot de passe ne doit pas contenir des espaces blancs,पासवर्ड में व्हाट्सएप नहीं होना चाहिए
Auth,,password_uppercase,Password must have at least one Uppercase Character,La contraseña debe tener al menos un carácter mayúscula,Le mot de passe doit avoir au moins un caractère majuscule,पासवर्ड में कम से कम एक अपरकेस चरित्र होना चाहिए
Auth,,password_lowercase,Password must have at least one Lowercase Character,La contraseña debe tener al menos un personaje en minúscula,Le mot de passe doit avoir au moins un caractère minuscule,पासवर्ड में कम से कम एक लोअरकेस वर्ण होना चाहिए
Auth,,password_digit,Password must contain at least one Digit,La contraseña debe contener al menos un dígito,Le mot de passe doit contenir au moins un chiffre,पासवर्ड में कम से कम एक अंक होना चाहिए
Auth,,password_symbol,Password must contain at least one Special Symbol,La contraseña debe contener al menos un símbolo especial,Le mot de passe doit contenir au moins un symbole spécial,पासवर्ड में कम से कम एक विशेष प्रतीक होना चाहिए
Auth,,password_length,Password must be 8-100 Characters Long.,La contraseña debe tener 8-100 caracteres.,Le mot de passe doit comporter 8 à 100 caractères.,पासवर्ड 8-100 वर्ण लंबा होना चाहिए।
Auth,,educator_sign_in,Educator Sign In,Iniciar sesión en el educador,Enseignant Connectez-vous,शिक्षकों की चिन्ह
Auth,,why_educator_sign_in,Sign in now to empower the next generation of young scientists. Are you a student?,Inicie sesión ahora para empoderar a la próxima generación de jóvenes científicos. ¿Eres estudiante?,Connectez-vous maintenant pour autonomiser la prochaine génération de jeunes scientifiques. Êtes-vous un étudiant?,युवा वैज्ञानिकों की अगली पीढ़ी को सशक्त बनाने के लिए अभी साइन इन करें। क्या आप स्कूल में पढ़ते हैं?
Auth,,sign_in_here,Sign in here.,Firme aquí.,Se connecter ici.,यहां साइन इन करो।
Auth,,email,Email,Correo electrónico,E-mail,ईमेल
Auth,,password,Password,Clave,Mot de passe,पासवर्ड
Auth,,sign_in,Sign In,Registrarse,S'identifier,साइन इन करें
Auth,,new_here,New Here?,¿Nuevo aquí?,Nouveau ici?,यहाँ नये?
Auth,,sign_up,Sign Up,Inscribirse,S'inscrire,साइन अप करें
Auth,,,,,,
Auth,Reset Password,reset_password,Reset Password,Restablecer la contraseña,réinitialiser le mot de passe,पासवर्ड रीसेट
Auth,,why_reset_password,"Forgot your password? No worries! Submit your email below, and we’ll send you a reset link.",¿Olvidaste tu contraseña? ¡Sin preocupaciones! Envíe su correo electrónico a continuación y le enviaremos un enlace de reinicio.,Mot de passe oublié? Pas de soucis! Soumettez votre e-mail ci-dessous et nous vous enverrons un lien de réinitialisation.,"पासवर्ड भूल गए हैं? चिंता न करें! नीचे अपना ईमेल सबमिट करें, और हम आपको एक रीसेट लिंक भेजेंगे।"
Auth,,,,,,
Auth,Reset Sent,reset_message,We just sent you a link to reset your password. Be sure to check your spam for this email as well.,Acabamos de enviarle un enlace para restablecer su contraseña. Asegúrese de consultar su spam para este correo electrónico también.,Nous venons de vous envoyer un lien pour réinitialiser votre mot de passe. Assurez-vous également de vérifier votre spam pour cet e-mail.,हमने आपको अपना पासवर्ड रीसेट करने के लिए एक लिंक भेजा है। इस ईमेल के लिए भी अपने स्पैम की जांच करना सुनिश्चित करें।
Auth,,go_home,Go Home,Vete a casa,Rentrer chez soi,घर जाओ
Auth,,,,,,
Auth,Sign in Student,student_sign_in,Student Sign In,Estudiante Iniciar sesión en,Connexion de l'étudiant,छात्र साइन इन करें
Auth,,why_student_sign_in,"Having an account allows you to share your projects, find events tailored to your interests, and receive mentorship. Are you an educator?","Tener una cuenta le permite compartir sus proyectos, encontrar eventos adaptados a sus intereses y recibir tutoría. ¿Eres educador?","Avoir un compte vous permet de partager vos projets, de trouver des événements adaptés à vos intérêts et de recevoir du mentorat. Êtes-vous un éducateur?","एक खाता होने से आप अपनी परियोजनाओं को साझा कर सकते हैं, अपने हितों के अनुरूप घटनाओं को खोज सकते हैं, और मेंटरशिप प्राप्त कर सकते हैं। क्या आप एक शिक्षक हैं?"
Auth,,or,OR,O,OU,या
Auth,,google_sign_in,Sign in with Google,Inicia sesión con Google,Connectez-vous avec Google,Google के साथ साइन इन करें
Auth,,,,#VALUE!,#VALUE!,#VALUE!
Auth,Sign up Educator,educate_on_sciteens,Educate on SciTeens,Educar en Sciteens,Éduquer sur les sciteens,स्काईटेंस पर शिक्षित करें
Auth,,why_educate_on_sciteens,Empower the next generation of STEM leaders from across the globe.,Empoderar a la próxima generación de líderes STEM de todo el mundo.,Autonomiser la prochaine génération de leaders STEM du monde entier.,दुनिया भर से एसटीईएम नेताओं की अगली पीढ़ी को सशक्त बनाएं।
Auth,,first_name,First Name,Primer nombre,Prénom,पहला नाम
Auth,,last_name,Last Name,Apellido,Nom de famille,उपनाम
Auth,,institution,Institution,Institución,Institution,संस्थान
Auth,,position,I am a(n),Yo soy un),Je suis un),मै एक)
Auth,,educator,Educator,Educador,Éducateur,शिक्षक
Auth,,professional,Professional,Profesional,Professionnelle,पेशेवर
Auth,,researcher,Researcher,Investigador,Chercheur,शोधकर्ता
Auth,,prefer_not_answer,Prefer not to answer,Prefiero no responder,préfère ne pas répondre,जवाब नहीं देना पसंद
Auth,,gender,Gender,Género,Le genre,लिंग
Auth,,male,Male,Masculino,Homme,पुरुष
Auth,,female,Female,Femenino,Femelle,मादा
Auth,,other,Other,Otro,Autre,अन्य
Auth,,race,Race,La raza,Course,जाति
Auth,,american_indian,American Indian or Alaska Native,Indio americano o nativo de Alaska,Indien d'Amérique ou d'Alaska,भारतीय अमेरिकन या अलास्का का मूल निवासी
Auth,,asian,Asian (including Indian subcontinent and Philipipines origin),Asiático (incluido el subcontinente indio y el origen de Philipipines),Asiatique (y compris le sous-continent indien et l'origine des Philipines),एशियाई (भारतीय उपमहाद्वीप और फिलिपिपाइंस मूल सहित)
Auth,,black,Black or African American,Negro o afroamericano,Noir ou afro-américain,अश्वेत या अफ्रीकी अमेरिकी
Auth,,hispanic,Hispanic or Latino,hispano o latino,Hispanique ou Latino,हिस्पैनिक या लैटिनो
Auth,,white,White (including Middle Eastern origin),Blanco (incluido el origen del Medio Oriente),Blanc (y compris d'origine du Moyen-Orient),सफेद (मध्य पूर्वी मूल सहित)
Auth,,native_hawaiian,Native Hawaiian or Other Pacific Islander,Nativo de Hawai u otra isla del Pacífico,Hawaïen indigène ou autre insulaire du Pacifique,मूल हवाई निवासी तथा अन्य प्रशांत द्वीप वासी
Auth,,terms,I have read and accept the ,He leído y acepto la,J'ai lu et accepte le,मैंने पढ़ा है और स्वीकार किया है
Auth,,terms_link,terms and privacy,Términos y privacidad,Termes et confidentialité,शर्तें और गोपनीयता
Auth,,create_account,Create Account,Crear una cuenta,Créer un compte,खाता बनाएं
Auth,,have_account,Have an account?,¿Tener una cuenta?,Avoir un compte?,एक खाता है?
Auth,,sign_in_link,Sign in,Iniciar sesión,S'identifier,साइन इन करें
Auth,Finish Sign Up,finish_signup,Just a few more things,Solo algunas cosas más,Juste quelques choses supplémentaires,बस कुछ और चीजें
Auth,,why_finish_signup,"Before you can get started on SciTeens, please fill out a few more things about yourself.","Antes de que pueda comenzar en Sciteens, complete algunas cosas más sobre usted.","Avant de pouvoir commencer sur Sciteens, veuillez remplir quelques autres choses sur vous-même.","इससे पहले कि आप स्काईन्स पर आरंभ कर सकें, कृपया अपने बारे में कुछ और चीजें भरें।"
Auth,,birthday,Birthday,Cumpleaños,Date d'anniversaire,जन्मदिन
Auth,,birthday_info,Your date of birth. You must be 13 years of age or older to use SciTeens,Tu fecha de nacimiento. Debe tener 13 años de edad o más para usar Sciteens,Votre date de naissance. Vous devez avoir 13 ans ou plus pour utiliser des sciteens,तुम्हारी जन्म तारीख। स्काइटेंस का उपयोग करने के लिए आपकी आयु 13 वर्ष या उससे अधिक होनी चाहिए
Auth,,finish ,Finish,Finalizar,Finir,खत्म करना
Auth,Index,i_am_a,I am a(n),Yo soy un),Je suis un),मै एक)
Auth,,student,Student,Alumno,Étudiant,विद्यार्थी
Auth,,student_info,Sign up as a student if you are currently in high school or between the ages of 13 and 18.,Regístrese como estudiante si actualmente se encuentra en la escuela secundaria o entre las edades de 13 y 18 años.,Inscrivez-vous en tant qu'étudiant si vous êtes actuellement au lycée ou entre 13 et 18 ans.,एक छात्र के रूप में साइन अप करें यदि आप वर्तमान में हाई स्कूल में हैं या 13 से 18 वर्ष की आयु के बीच हैं।
Auth,,educator,Educator,Educador,Éducateur,शिक्षक
Auth,,educator_info,"Sign up as an educator if you are in academia or industry, and want to help STEM high school students.","Regístrese como educador si está en la academia o la industria, y desea ayudar a Stem High School Students.",Inscrivez-vous en tant qu'éducateur si vous êtes dans le monde universitaire ou dans l'industrie et souhaitez aider les élèves du secondaire.,"यदि आप अकादमिया या उद्योग में हैं, तो एक शिक्षक के रूप में साइन अप करें, और एसटीईएम हाई स्कूल के छात्रों की मदद करना चाहते हैं।"
Auth,,and_other_options,(And other options...),(Y otras opciones ...),(Et d'autres options ...),(और अन्य विकल्प ...)
Auth,,neither_of_above,Neither of the above?,¿Ninguno de los anteriores?,Aucun de ce qui précède?,उपरोक्त में से कोई नहीं?
Auth,,involved_link,See how you can get involved,Vea cómo puede involucrarse,Voyez comment vous pouvez vous impliquer,देखें कि आप कैसे शामिल हो सकते हैं
Auth,,,,,,
Auth,Thanks,thanks_for_signing_up,Thanks for signing up!,Gracias por registrarte!,Merci pour votre inscription!,साइन अप करने के लिए धन्यवाद!
Auth,,send_confirmation,"We'll send you a confirmation email shortly; be sure to verify your email to post projects and send/receive feedback! In the mean time, feel free to check out some of our latest","Le enviaremos un correo electrónico de confirmación en breve; ¡Asegúrese de verificar su correo electrónico para publicar proyectos y enviar/recibir comentarios! Mientras tanto, siéntase libre de ver algunos de nuestros últimos","Nous vous enverrons un e-mail de confirmation sous peu; Assurez-vous de vérifier votre e-mail pour publier des projets et d'envoyer / recevoir des commentaires! En attendant, n'hésitez pas à consulter certains de nos derniers","हम आपको जल्द ही एक पुष्टिकरण ईमेल भेजेंगे; परियोजनाओं को पोस्ट करने के लिए अपने ईमेल को सत्यापित करना सुनिश्चित करें और प्रतिक्रिया भेजें/प्राप्त करें! इस समय में, हमारे कुछ नवीनतम की जांच करने के लिए स्वतंत्र महसूस करें"
Auth,,articles,articles,artículos,des articles,सामग्री
Auth,,or,or,o,ou,या
Auth,,projects,projects,proyectos,projets,परियोजनाओं
Auth,,for_inspiration,"for some inspiration, and feel free to follow us on our social media platforms to stay up-to-date with SciTeens news!","¡Para obtener algo de inspiración, y no dude en seguirnos en nuestras plataformas de redes sociales para mantenerse al día con Sciteens News!","Pour une inspiration, et n'hésitez pas à nous suivre sur nos plateformes de médias sociaux pour rester à jour avec Sciteens News!","कुछ प्रेरणा के लिए, और स्काईन्स न्यूज के साथ अद्यतित रहने के लिए हमारे सोशल मीडिया प्लेटफार्मों पर हमें पालन करने के लिए स्वतंत्र महसूस करें!"
Auth,,,,,,
Auth,Student Sign Up,student_sign_up,Student Sign-up,Estudiante Registro,Inscription des étudiants,छात्र साइन-अप
Auth,,why_student_sign_up,"Creating an account allows you to share your projects, find events tailored to your interests, and receive mentorship.","Crear una cuenta le permite compartir sus proyectos, encontrar eventos adaptados a sus intereses y recibir tutoría.","La création d'un compte vous permet de partager vos projets, de trouver des événements adaptés à vos intérêts et de recevoir du mentorat.","खाता बनाने से आप अपनी परियोजनाओं को साझा कर सकते हैं, अपने हितों के अनुरूप घटनाओं को खोज सकते हैं, और मेंटरशिप प्राप्त कर सकते हैं।"
Auth,,,,,,
Auth,Misc,sign_in_failed,Sign in failed. Please try again or create an account.,Fallo al iniciar sesion. Vuelva a intentarlo o cree una cuenta.,La connexion a échoué. Veuillez réessayer ou créer un compte.,भाग लेना विफल हुआ। कृपया फिर से प्रयास करें या एक खाता बनाएं।
Auth,,error_terms,You must accept the terms and conditions,Debe aceptar los Términos y Condiciones,Vous devez accepter les Termes et Conditions,आपको नियम व शर्तें स्वीकार करना होंगी
Auth,,unable_to_create,"Sorry, we were unable to create your account.","Lo siento, no pudimos crear su cuenta.","Désolé, nous n'avons pas pu créer votre compte.","क्षमा करें, हम आपका खाता बनाने में असमर्थ थे।"
Auth,,error_name,Please use a valid name,Utilice un nombre válido,Veuillez utiliser un nom valide,कृपया एक वैध नाम का उपयोग करें
Auth,,error_first_name,Please only enter your first name (or connect it with hyphens),Solo ingrese su nombre (o conéctelo con guiones),Veuillez entrer uniquement votre prénom (ou le connecter avec des traits de traits),कृपया केवल अपना पहला नाम दर्ज करें (या इसे हाइफ़न से कनेक्ट करें)
Auth,,error_last_name,Please only enter your last name (or connect it with hyphens),Solo ingrese su apellido (o conéctelo con guiones),Veuillez entrer uniquement votre nom de famille (ou le connecter avec des traits de traits),कृपया केवल अपना अंतिम नाम दर्ज करें (या इसे हाइफ़न से कनेक्ट करें)
Auth,,valid_institution,Please provide a valid institution,Proporcione una institución válida,Veuillez fournir une institution valide,कृपया एक वैध संस्थान प्रदान करें
Auth,,error_birthday,You must be 13 years old or older to use SciTeens,Debes tener 13 años o más para usar Sciteens,Vous devez avoir 13 ans ou plus pour utiliser des sciteens,स्काइटेंस का उपयोग करने के लिए आपकी उम्र 13 वर्ष या उससे अधिक होनी चाहिए
Auth,,,,,,
Auth,,,,,,
404,,sorry,"404 - Sorry, we couldn't find that","404 - Lo siento, no pudimos encontrar eso","404 - Désolé, nous n'avons pas pu trouver ça","404 - क्षमा करें, हम यह नहीं पा सके"
404,,cool_video,Here's a cool video to watch instead,Aquí hay un video genial para ver en su lugar,Voici une vidéo cool à regarder à la place,इसके बजाय एक अच्छा वीडियो देखने के लिए है
404,,,,,,
About,,on_a_mission,We're on a mission.,Estamos en una misión.,Nous sommes en mission.,हम एक मिशन पर हैं।
About,,we_strive,"We strive to bridge the gap between education and opportunity, particularly for students from low-resource areas who do not have an extensive STEM support network.","Nos esforzamos por cerrar la brecha entre la educación y la oportunidad, particularmente para los estudiantes de áreas de baja recursos que no tienen una red extensa de apoyo STEM.","Nous nous efforçons de combler le fossé entre l'éducation et les opportunités, en particulier pour les étudiants des zones à faibles ressources qui n'ont pas un vaste réseau de soutien aux STEM.","हम शिक्षा और अवसर के बीच की खाई को पाटने का प्रयास करते हैं, विशेष रूप से कम-संसाधन वाले क्षेत्रों के छात्रों के लिए जिनके पास व्यापक एसटीईएम समर्थन नेटवर्क नहीं है।"
About,,get_to_know_us,Get to know us.,Conocernos.,Apprendre a nous connaitre.,हमारे बारे में जानिए।
About,,about_sri,Sri has a golden retriever and can talk with her mouth closed.,Sri tiene un golden retriever y puede hablar con la boca cerrada.,Sri a un golden retriever et peut parler avec sa bouche fermée.,श्री के पास एक गोल्डन रिट्रीवर है और वह अपने मुंह से बंद होने के साथ बात कर सकता है।
About,,about_rohan,Rohan is an amateur photographer and that typical anime watching kid.,Rohan es un fotógrafo aficionado y ese típico niño de anime.,Rohan est un photographe amateur et cet gamin typique de l'anime.,रोहन एक शौकिया फोटोग्राफर है और वह ठेठ एनीमे बच्चे को देख रहा है।
About,,about_aneesha,Aneesha attends the University of Florida and she can do a cartwheel.,Aneesha asiste a la Universidad de Florida y ella puede hacer una voltereta.,Aneesha fréquente l'Université de Floride et elle peut faire une roue de charrette.,अनीशा फ्लोरिडा विश्वविद्यालय में भाग लेती है और वह एक कार्टव्हील कर सकती है।
About,,about_eduard,Eduard wants to create a robot that would conquer the world.,Eduard quiere crear un robot que conquista el mundo.,Eduard veut créer un robot qui vaincrait le monde.,एडुआर्ड एक रोबोट बनाना चाहता है जो दुनिया को जीत ले।
About,,about_angelo,Angelo is a student at Suncoast High School.,Angelo es estudiante en Suncoast High School.,Angelo est étudiante à Suncoast High School.,एंजेलो सनकोस्ट हाई स्कूल में एक छात्र है।
About,,about_aya,Aya is a certified nerd with an unhealthy obsession in marvel and books,AYA es un nerd certificado con una obsesión poco saludable en Marvel and Books,Aya est un nerd certifié avec une obsession malsaine dans Marvel and Books,अया मार्वल और पुस्तकों में एक अस्वास्थ्यकर जुनून के साथ एक प्रमाणित बेवकूफ है
About,,about_sonica,Sonica loves learning new things.,A Sonica le encanta aprender cosas nuevas.,Sonica aime apprendre de nouvelles choses.,सोनिका को नई चीजें सीखना पसंद है।
About,,about_angelica,Angelica is a student at Massachusetts Institute of Technology passionate about data science and Python.,Angélica es estudiante en el Instituto de Tecnología de Massachusetts apasionado por la ciencia de datos y Python.,Angelica est étudiante au Massachusetts Institute of Technology passionnée par la science des données et Python.,एंजेलिका मैसाचुसेट्स इंस्टीट्यूट ऑफ टेक्नोलॉजी में एक छात्र है जो डेटा विज्ञान और पायथन के बारे में भावुक है।
About,,about_john,John isn't a mad scientist and doesn't do biology research (despite the photo).,John no es un científico loco y no hace investigación de biología (a pesar de la foto).,John n'est pas un scientifique fou et ne fait pas de recherche en biologie (malgré la photo).,जॉन एक पागल वैज्ञानिक नहीं है और जीव विज्ञान अनुसंधान (फोटो के बावजूद) नहीं करता है।
About,,about_akash,Akash is a current computer engineering student at USC.,Akash es un estudiante actual de ingeniería informática en la USC.,Akash est un étudiant en génie informatique actuel à l'USC.,आकाश यूएससी में एक वर्तमान कंप्यूटर इंजीनियरिंग छात्र है।
About,,about_carlos,Carlos has collected rocks since elementary school.,Carlos ha recolectado rocas desde la escuela primaria.,Carlos a collecté des rochers depuis l'école primaire.,कार्लोस ने प्राथमिक विद्यालय के बाद से चट्टानों को एकत्र किया है।
About,,about_erin,Erin has an intense fear of squirrels.,Erin tiene un intenso miedo a las ardillas.,Erin a une crainte intense des écureuils.,एरिन को गिलहरी का गहन डर है।
About,,about_grace,"Grace's favorite food is ice cream, and she can fold an epic origami bird.","La comida favorita de Grace es el helado, y puede doblar un pájaro de origami épico.","La nourriture préférée de Grace est la crème glacée, et elle peut plier un oiseau d'origami épique.","ग्रेस का पसंदीदा भोजन आइसक्रीम है, और वह एक महाकाव्य ओरिगेमी पक्षी को मोड़ सकती है।"
About,,about_aarti,Aarti likes to write.,A Aarti le gusta escribir.,Aarti aime écrire.,आरती को लिखना पसंद है।
About,,about_iman,"Iman runs, horseback rides, and is on her school's weightlifting team.","Iman corre, paseos a caballo y está en el equipo de levantamiento de pesas de su escuela.","Iman court, des promenades à cheval et fait partie de l'équipe d'haltérophilie de son école.","इमान चलता है, घुड़सवारी की सवारी करता है, और अपने स्कूल की भारोत्तोलन टीम पर है।"
About,,about_hannah,Hannah likes to work out and is interested in pursuing robotic engineering.,A Hannah le gusta hacer ejercicio y está interesada en buscar ingeniería robótica.,Hannah aime s'entraîner et souhaite poursuivre l'ingénierie robotique.,हन्ना को काम करना पसंद है और रोबोट इंजीनियरिंग को आगे बढ़ाने में रुचि रखते हैं।
About,,about_liane,"Liane is a college freshman who enjoys traveling, eating, and telling dad jokes.","Liane es una estudiante de primer año universitaria que disfruta viajar, comer y decirle chistes de papá.","Liane est une étudiante de première année qui aime voyager, manger et raconter des blagues à papa.","लियान एक कॉलेज फ्रेशमैन है जो यात्रा, खाने और पिताजी को चुटकुले बताने का आनंद लेता है।"
About,,about_ashley,Ashley enjoys playing Sudoku and is interested in pursuing Neuroscience.,Ashley le gusta interpretar a Sudoku y está interesado en buscar neurociencia.,Ashley aime jouer Sudoku et souhaite poursuivre les neurosciences.,एशले को सुडोकू खेलने में मज़ा आता है और वे न्यूरोसाइंस को आगे बढ़ाने में रुचि रखते हैं।
About,,about_ohm,Ohm lived in New Jersey for thirteen years.,Ohm vivió en Nueva Jersey durante trece años.,Ohm a vécu dans le New Jersey pendant treize ans.,ओम तेरह साल तक न्यू जर्सी में रहता था।
About,,about_tasman,Taz's passions consist of aggressively screaming into microphones and catching salamanders.,Las pasiones de Taz consisten en gritar agresivamente en micrófonos y capturar salamandras.,Les passions de Taz consistent à crier agressivement dans les microphones et à attraper des salamandres.,ताज़ के जुनून में माइक्रोफोन में आक्रामक रूप से चिल्लाना और सैलामैंडर को पकड़ना शामिल है।
About,,about_luke,"Luke enjoys working out, shooting hoops, and playing his guitars.","A Luke le gusta hacer ejercicio, disparar aros y tocar sus guitarras.","Luke aime s'entraîner, tirer des cerceaux et jouer ses guitares.","ल्यूक को काम करने, हुप्स की शूटिंग करने और अपने गिटार बजाने का आनंद मिलता है।"
About,,about_srishti,Srishti is a high school sophomore interested in STEM and writing. She loves listening to music and watching movies.,Srishti es un estudiante de segundo año de secundaria interesado en STEM y la escritura. Le encanta escuchar música y ver películas.,Srishti est un étudiant en deuxième année du secondaire intéressé par les STEM et l'écriture. Elle aime écouter de la musique et regarder des films.,Srishti एक हाई स्कूल का परिचय है जो STEM और लेखन में रुचि रखता है। वह संगीत सुनना और फिल्में देखना पसंद करती है।
About,,about_philip,"Philip is a first-year physics student with a keen interest in all things physics, mathematics and computer science.","Philip es un estudiante de física de primer año con un gran interés en todo lo relacionado con la física, las matemáticas y la informática.","Philip est un étudiant en première année de physique qui s'intéresse vivement à tout ce qui concerne la physique, les mathématiques et l'informatique.","फिलिप एक प्रथम वर्ष के भौतिकी के छात्र हैं, जो सभी चीजों में गहरी रुचि रखते हैं, भौतिकी, गणित और कंप्यूटर विज्ञान।"
About,,about_joud,"Joud is a Lebanese/Canadian senior student who loves biology. He likes to read, explore, and enjoy life. He’s always ready to make everyone full with positivity.","Joud es un estudiante senior libanés/canadiense que ama la biología. Le gusta leer, explorar y disfrutar de la vida. Siempre está listo para llenar a todos con positividad.","Joud est un étudiant senior libanais / canadien qui aime la biologie. Il aime lire, explorer et profiter de la vie. Il est toujours prêt à rendre tout le monde plein de positivité.","जौद एक लेबनानी/कनाडाई वरिष्ठ छात्र है जो जीव विज्ञान से प्यार करता है। वह जीवन को पढ़ना, अन्वेषण करना और जीवन का आनंद लेना पसंद करता है। वह हमेशा सकारात्मकता के साथ सभी को पूर्ण बनाने के लिए तैयार रहता है।"
About,,about_sanjana,"Sanjana enjoys playing violin, trying new recipes, and taking diverse courses online.","A Sanjana le gusta jugar contra el violín, probar nuevas recetas y tomar diversos cursos en línea.","Sanjana aime jouer du violon, essayer de nouvelles recettes et suivre des cours divers en ligne.","संजाना को वायलिन खेलने, नए व्यंजनों की कोशिश करने और ऑनलाइन विविध पाठ्यक्रम लेने का आनंद मिलता है।"
About ,,about_grace2,"I’m Grace Nyakarombo, an 11th grade student from Zimbabwe. I’m an science researcher and innovator. I’m passionate about solving SDG 4 & 7 through the use of technology.","Soy Grace Nyakarombo, un estudiante de 11º grado de Zimbabwe. Soy investigador e innovador científico. Me apasiona resolver el SDG 4 y 7 mediante el uso de la tecnología.","Je suis Grace Nyakarombo, une élève de 11e année du Zimbabwe. Je suis chercheur en science et innovateur. Je suis passionné par la résolution de SDG 4 et 7 grâce à l'utilisation de la technologie.","मैं जिम्बाब्वे के 11 वीं कक्षा के छात्र, न्यकरोम्बो को ग्रेस कर रहा हूं। मैं एक विज्ञान शोधकर्ता और इनोवेटर हूं। मैं प्रौद्योगिकी के उपयोग के माध्यम से एसडीजी 4 और 7 को हल करने के बारे में भावुक हूं।"
About,,about_alae,I’m Alae and I love making memes. Oh and I also have the cutest dog ever.,"Soy Alae y me encanta hacer memes. Ah, y también tengo el perro más lindo de todos.",Je suis alae et j'adore faire des mèmes. Oh et j'ai aussi le chien le plus mignon de tous les temps.,मैं alae हूँ और मुझे मेम बनाना बहुत पसंद है। ओह और मेरे पास भी सबसे प्यारा कुत्ता है।
About,,,,,,
Articles,,articles,Articles,Artículos,Des articles,सामग्री
Articles,,sorry,"Sorry, we couldn't find any searches related to","Lo siento, no pudimos encontrar ninguna búsqueda relacionada con","Désolé, nous n'avons pas trouvé de recherches liées à","क्षमा करें, हम किसी भी खोज से संबंधित नहीं पा सकते हैं"
Articles,,search_articles,Search Articles,Artículos de búsqueda,Rechercher des articles,खोज लेख
Articles,,search,Search,Búsqueda,Chercher,खोज
Articles,,,,,,
Courses,,courses,Courses,Cursos,Cours,पाठ्यक्रम
Courses,,sorry,"Sorry, we couldn't find any searches related to","Lo siento, no pudimos encontrar ninguna búsqueda relacionada con","Désolé, nous n'avons pas trouvé de recherches liées à","क्षमा करें, हम किसी भी खोज से संबंधित नहीं पा सकते हैं"
Courses,,search_courses,Search Courses,Buscar cursos,Cours de recherche,कोर्स खोजें
Courses,,search,Search,Búsqueda,Chercher,खोज
Courses,,topics,Topics,Temas,Les sujets,विषय
Courses,,,,#VALUE!,#VALUE!,#VALUE!
Donate,,annual_donation_appeal,Annual Donation Appeal,Apelación de donación anual,Appel de don annuel,वार्षिक दान अपील
Donate,,donate_now,Donate Now,Done ahora,Faire un don maintenant,अभी दान कीजिए
Donate,,read_our_mission,Read our Mission,Lea nuestra misión,Lisez notre mission,हमारे मिशन को पढ़ें
Donate,,dear_supporter,"Dear SciTeens Supporter,","Estimado partidario de Sciteens,","Cher partisan Sciteens,","प्रिय स्काईटेंस समर्थक,"
Donate,,sciteens_pride,"At SciTeens, we take great pride in our technological abilities and youth to deliver the best resources to underrepresented high school students across America. This past year, it was a difficult one for all of us but here at SciTeens we were prepared. As teaching across America shifted online, our online platform allowed students to explore their interest in stem via our articles, online curriculums, and guest speaker series.","En Sciteens, nos enorgullecemos de nuestras habilidades tecnológicas y jóvenes para entregar los mejores recursos a estudiantes de secundaria subrepresentados en todo Estados Unidos. El año pasado, fue difícil para todos nosotros, pero aquí en Sciteens estábamos preparados. A medida que la enseñanza en todo Estados Unidos cambió en línea, nuestra plataforma en línea permitió a los estudiantes explorar su interés en STEM a través de nuestros artículos, planes de estudio en línea y series de oradores invitados.","Chez Sciteens, nous sommes très fiers de nos capacités technologiques et de nos jeunes pour livrer les meilleures ressources aux lycéens sous-représentés à travers l'Amérique. L'année dernière, ce fut difficile pour nous tous, mais ici, chez Sciteens, nous avons été préparés. Alors que l'enseignement à travers l'Amérique s'est déplacé en ligne, notre plate-forme en ligne a permis aux étudiants d'explorer leur intérêt pour les STEM via nos articles, nos programmes en ligne et les séries de conférenciers invités.","स्काईनेंस में, हम अपनी तकनीकी क्षमताओं और युवाओं पर बहुत गर्व करते हैं ताकि अमेरिका भर में हाई स्कूल के छात्रों को रेखांकित किया जा सके। इस पिछले साल, यह हम सभी के लिए एक मुश्किल था, लेकिन यहाँ स्काईनेंस में हम तैयार थे। जैसा कि अमेरिका में शिक्षण ऑनलाइन शिफ्ट हुआ, हमारे ऑनलाइन प्लेटफ़ॉर्म ने छात्रों को हमारे लेखों, ऑनलाइन पाठ्यक्रम और अतिथि वक्ता श्रृंखला के माध्यम से एसटीईएम में अपनी रुचि का पता लगाने की अनुमति दी।"
Donate,,we_depend_on_donations,"This is why we depend on generous people like you, who see the future and immediate need for more online resources that are accessible to students. Your generosity will allow us to reach out to more students across America that will be able to benefit from our resources for free. SciTeens plans on expanding its curriculums to more low income high schools across America. Today more than ever, it is evident that online education is the future for an equitable STEM education.","Es por eso que dependemos de personas generosas como usted, que ven el futuro y la necesidad inmediata de más recursos en línea que sean accesibles para los estudiantes. Su generosidad nos permitirá comunicarse con más estudiantes en todo Estados Unidos que podrán beneficiarse de nuestros recursos de forma gratuita. Sciteens planea expandir sus planes de estudio a más escuelas secundarias de bajos ingresos en todo Estados Unidos. Hoy más que nunca, es evidente que la educación en línea es el futuro para una educación STEM equitativa.","C'est pourquoi nous dépendons de personnes généreuses comme vous, qui voient l'avenir et le besoin immédiat de plus de ressources en ligne accessibles aux étudiants. Votre générosité nous permettra de contacter davantage d'étudiants à travers l'Amérique qui pourront bénéficier de nos ressources gratuitement. Sciteens prévoit d'étendre ses programmes d'études à des écoles secondaires plus à faible revenu à travers l'Amérique. Aujourd'hui plus que jamais, il est évident que l'éducation en ligne est l'avenir d'une éducation STEM équitable.","यही कारण है कि हम आप जैसे उदार लोगों पर निर्भर करते हैं, जो भविष्य को देखते हैं और अधिक ऑनलाइन संसाधनों के लिए तत्काल आवश्यकता है जो छात्रों के लिए सुलभ हैं। आपकी उदारता हमें अमेरिका भर के अधिक छात्रों तक पहुंचने की अनुमति देगी जो हमारे संसाधनों से मुफ्त में लाभान्वित हो सकेगी। स्काईन्स ने अपने पाठ्यक्रम का विस्तार करने की योजना अमेरिका भर में अधिक कम आय वाले उच्च विद्यालयों में किया है। आज पहले से कहीं अधिक, यह स्पष्ट है कि ऑनलाइन शिक्षा एक न्यायसंगत एसटीईएम शिक्षा के लिए भविष्य है।"
Donate,,we_kindly_ask,We kindly ask that you consider SciTeens as an organization that you will donate to so we may continue carrying out our mission and engage more students in the beauty of STEM.,Le pedimos amablemente que considere a Sciteens como una organización a la que donará para que podamos continuar llevando a cabo nuestra misión e involucrar a más estudiantes en la belleza de STEM.,Nous vous demandons de tenter de considérer Sciteens comme une organisation à laquelle vous ferez un don afin que nous puissions continuer à mener notre mission et engager plus d'étudiants dans la beauté de la STEM.,हम कृपया पूछते हैं कि आप स्काईन्स को एक संगठन के रूप में मानते हैं जिसे आप दान करेंगे ताकि हम अपने मिशन को जारी रख सकें और एसटीईएम की सुंदरता में अधिक छात्रों को संलग्न कर सकें।
Donate,,sincerely,Sincerely,Sinceramente,Sincèrement,ईमानदारी से
Donate,,co_founder,Co-Founder and Executive Director,Cofundador y director ejecutivo,Co-fondateur et directeur exécutif,सह-संस्थापक और कार्यकारी निदेशक
Donate,,,,,,
Get Involved,,want_to_get_involved,Want to Get Involved?,¿Quieres involucrarte?,Vous voulez vous impliquer?,शामिल होना चाहते हैं?
Get Involved,,students,Students,Estudiantes,Étudiants,छात्र
Get Involved,,get_involved_student,"As a student, getting involved with SciTeens is as simple as signing up! Once registered, you can connect with amazing STEM programs and mentors, as well as share your amazing projects. If you want to start a STEM club at your high school, we're more than willing to sponsor and assist you as well; just reach out to","¡Como estudiante, involucrarse con Sciteens es tan simple como registrarse! Una vez registrado, puede conectarse con increíbles programas y mentores STEM, así como compartir sus increíbles proyectos. Si desea comenzar un club STEM en su escuela secundaria, estamos más que dispuestos a patrocinar y ayudarlo también; Solo comuníquese con","En tant qu'étudiant, s'impliquer avec Sciteens est aussi simple que de s'inscrire! Une fois enregistré, vous pouvez vous connecter avec des programmes et des mentors STEM incroyables, ainsi que partager vos projets incroyables. Si vous voulez créer un club STEM dans votre lycée, nous sommes plus que disposés à vous parrainer et à vous aider également; Tendre la main à","एक छात्र के रूप में, स्काइटेंस के साथ जुड़ना उतना ही सरल है जितना साइन अप करना! एक बार पंजीकृत होने के बाद, आप अद्भुत एसटीईएम कार्यक्रमों और आकाओं के साथ जुड़ सकते हैं, साथ ही साथ अपनी अद्भुत परियोजनाओं को भी साझा कर सकते हैं। यदि आप अपने हाई स्कूल में एक एसटीईएम क्लब शुरू करना चाहते हैं, तो हम प्रायोजक और भी आपकी सहायता करने के लिए तैयार हैं; बस तक पहुंचें"
Get Involved,,student_sign_up,Student Sign Up,Estudiante Registrarse,Student Inscription,छात्र साइन अप करें
Get Involved,,mentors,Mentors,Mentores,Mentors,मेंटर्स
Get Involved,,get_involved_mentor,"One of the services that SciTeens provides is mentorship opportunities for students. We are always looking for mentors who are willing to be matched with a student based on topics and fields of interest to assist a student. In order to be a mentor, you must be a professor, teacher, graduate or undergraduate STEM student, or be employed in a STEM field and be willing to devote some time to helping passionate STEM students.","Uno de los servicios que proporciona Sciteens son las oportunidades de tutoría para los estudiantes. Siempre estamos buscando mentores que estén dispuestos a ser emparejados con un estudiante basado en temas y campos de interés para ayudar a un estudiante. Para ser un mentor, debe ser profesor, maestro, estudiante de posgrado o pregrado STEM, o ser empleado en un campo STEM y estar dispuesto a dedicar algo de tiempo a ayudar a estudiantes apasionados de STEM.","L'un des services que Sciteens offre est les possibilités de mentorat aux étudiants. Nous recherchons toujours des mentors qui sont prêts à être jumelés avec un étudiant basé sur des sujets et des domaines d'intérêt pour aider un étudiant. Pour être mentor, vous devez être professeur, enseignant, diplômé ou étudiant STEM de premier cycle, ou être employé dans un domaine STEM et être prêt à consacrer du temps à aider les étudiants passionnés STEM.","Sciteens प्रदान करने वाली सेवाओं में से एक छात्रों के लिए मेंटरशिप के अवसर हैं। हम हमेशा उन आकाओं की तलाश कर रहे हैं जो एक छात्र की सहायता के लिए विषयों और रुचि के क्षेत्रों के आधार पर एक छात्र के साथ मिलान करने के लिए तैयार हैं। एक संरक्षक होने के लिए, आपको एक प्रोफेसर, शिक्षक, स्नातक या स्नातक एसटीईएम छात्र होना चाहिए, या एसटीईएम क्षेत्र में नियोजित होना चाहिए और भावुक एसटीईएम छात्रों की मदद करने के लिए कुछ समय समर्पित होने के लिए तैयार रहना चाहिए।"
Get Involved,,mentor_sign_up,Mentor Sign Up,Mentor Registrarse,Mentor Inscription,मेंटर साइन अप करें
Get Involved,,outreach,Outreach,Superar a,Attitude,आउटरीच
Get Involved,,get_involved_outreach,"One of the core principles of science is collaboration. Our mission depends on collaboration, and we are always looking for ways to bring science to every single student! If you know a school, teacher, science program, or organization that could help us achieve our mission, please reach out to us at","Uno de los principios centrales de la ciencia es la colaboración. ¡Nuestra misión depende de la colaboración, y siempre estamos buscando formas de llevar la ciencia a cada estudiante! Si conoce una escuela, maestro, programa de ciencias o organización que podría ayudarnos a lograr nuestra misión, comuníquese con nosotros en","L'un des principaux principes de la science est la collaboration. Notre mission dépend de la collaboration, et nous recherchons toujours des moyens d'amener la science à chaque étudiant! Si vous connaissez une école, un enseignant, un programme scientifique ou une organisation qui pourrait nous aider à réaliser notre mission, veuillez nous contacter à nous à","विज्ञान के मुख्य सिद्धांतों में से एक सहयोग है। हमारा मिशन सहयोग पर निर्भर करता है, और हम हमेशा हर एक छात्र के लिए विज्ञान लाने के तरीकों की तलाश कर रहे हैं! यदि आप एक स्कूल, शिक्षक, विज्ञान कार्यक्रम, या संगठन जानते हैं जो हमें अपने मिशन को प्राप्त करने में मदद कर सकता है, तो कृपया हमारे पास पहुंचें"
Get Involved,,contact_us,Contact Us,Contáctenos,Nous contacter,संपर्क करें
Get Involved,,funding,Funding,Fondos,Financement,अनुदान
Get Involved,,get_involved_funding,"We are a nonprofit organization that relies on crowdfunding, grants, and private donations. If you know someone who is willing to donate or would like to help us out in finding ways of getting funded, please reach out to us at","Somos una organización sin fines de lucro que se basa en crowdfunding, subvenciones y donaciones privadas. Si conoce a alguien que está dispuesto a donar o desea ayudarnos a encontrar formas de financiar, comuníquese con nosotros en","Nous sommes une organisation à but non lucratif qui s'appuie sur le financement participatif, les subventions et les dons privés. Si vous connaissez quelqu'un qui est prêt à faire un don ou qui souhaite nous aider pour trouver des moyens de financement, veuillez nous contacter à","हम एक गैर -लाभकारी संगठन हैं जो क्राउडफंडिंग, अनुदान और निजी दान पर निर्भर करता है। यदि आप किसी ऐसे व्यक्ति को जानते हैं जो दान करने के लिए तैयार है या हमें वित्त पोषित होने के तरीके खोजने में मदद करना चाहता है, तो कृपया हमारे पास पहुंचें"
Get Involved,,no_student_limited,"No student should be limited by their income level when it comes to conducting scientific research, so every donation counts.","Ningún estudiante debe estar limitado por su nivel de ingresos cuando se trata de realizar investigaciones científicas, por lo que cada donación cuenta.","Aucun étudiant ne doit être limité par leur niveau de revenu lorsqu'il s'agit de mener des recherches scientifiques, donc chaque don compte.","किसी भी छात्र को वैज्ञानिक अनुसंधान करने के लिए अपनी आय के स्तर तक सीमित नहीं होना चाहिए, इसलिए प्रत्येक दान मायने रखता है।"
Get Involved,,donate_now,Donate Now,Done ahora,Faire un don maintenant,अभी दान कीजिए
Get Involved,,,,,,
Index,,science_simplified,"Science, simplified.","Ciencia, simplificada.","Science, simplifiée.","विज्ञान, सरलीकृत।"
Index,,share_work,"Share your work, get feedback from mentors and peers, and find great scientific opportunities and resources available and accessible to you. Oh yeah, and it's free. Only here on SciTeens.","Comparta su trabajo, obtenga comentarios de mentores y compañeros, y encuentre excelentes oportunidades científicas y recursos disponibles y accesibles para usted. Oh sí, y es gratis. Solo aquí en Sciteens.","Partagez votre travail, obtenez les commentaires des mentors et des pairs et trouvez de grandes opportunités et ressources scientifiques disponibles et accessibles à vous. Oh ouais, et c'est gratuit. Seulement ici sur Sciteens.","अपने काम को साझा करें, मेंटर और साथियों से प्रतिक्रिया प्राप्त करें, और महान वैज्ञानिक अवसर और संसाधन उपलब्ध और आपके लिए सुलभ खोजें। अरे हाँ, और यह मुफ़्त है। केवल यहाँ स्काईन पर।"
Index,,get_started,Get Started,Empezar,Commencer,शुरू हो जाओ
Index,,furthering_accessibility,"Furthering the accessibility of science, one student at a time.","Forzando la accesibilidad de la ciencia, un estudiante a la vez.","Favoriser l'accessibilité de la science, un étudiant à la fois.","विज्ञान की पहुंच को आगे बढ़ाते हुए, एक समय में एक छात्र।"
Index,,bridge_the_gap,"We strive to bridge the gap between education and opportunity, particularly for students from low-resource areas who do not have an extensive STEM support network.","Nos esforzamos por cerrar la brecha entre la educación y la oportunidad, particularmente para los estudiantes de áreas de baja recursos que no tienen una red extensa de apoyo STEM.","Nous nous efforçons de combler le fossé entre l'éducation et les opportunités, en particulier pour les étudiants des zones à faibles ressources qui n'ont pas un vaste réseau de soutien aux STEM.","हम शिक्षा और अवसर के बीच की खाई को पाटने का प्रयास करते हैं, विशेष रूप से कम-संसाधन वाले क्षेत्रों के छात्रों के लिए जिनके पास व्यापक एसटीईएम समर्थन नेटवर्क नहीं है।"
Index,,for_teens_by_teens,"SciTeens was started by a group of teens just like you trying to get started in the STEM fields. Because of this, we know how intimidating it can be to begin your own research projects. We want to put an end to this intimidation and make STEM research accesible and rewarding for everyone.","Sciteens fue iniciado por un grupo de adolescentes como tú tratando de comenzar en los campos de tallo. Debido a esto, sabemos lo intimidante que puede ser comenzar sus propios proyectos de investigación. Queremos poner fin a esta intimidación y hacer que la investigación STEM sea accesible y gratificante para todos.","Sciteens a été lancé par un groupe d'adolescents comme vous essayez de commencer dans les champs STEM. Pour cette raison, nous savons à quel point il peut être intimidant pour commencer vos propres projets de recherche. Nous voulons mettre fin à cette intimidation et rendre la recherche STEM accessible et gratifiante pour tout le monde.","स्काईन्स को किशोरावस्था के एक समूह द्वारा शुरू किया गया था जैसे आप स्टेम फील्ड्स में शुरू करने की कोशिश कर रहे थे। इस वजह से, हम जानते हैं कि आपकी खुद की अनुसंधान परियोजनाएं शुरू करना कितना डराना हो सकता है। हम इस डराने को समाप्त करना चाहते हैं और स्टेम अनुसंधान को सभी के लिए अभिनय और पुरस्कृत करना चाहते हैं।"
Index,,collaborate_on_projects,"With SciTeens you can share your knowledge and research by writing articles or creating projects. Your work can be viewed by other SciTeens users, giving you access to unique opportunities through collaboration with your peers and mentorship by accomplished scholars in the STEM fields.","Con Sciteens, puede compartir su conocimiento e investigación escribiendo artículos o creando proyectos. Su trabajo puede ser visto por otros usuarios de Sciteens, lo que le brinda acceso a oportunidades únicas a través de la colaboración con sus compañeros y la tutoría por parte de eruditos consumados en los campos STEM.","Avec Sciteens, vous pouvez partager vos connaissances et vos recherches en écrivant des articles ou en créant des projets. Votre travail peut être vu par d'autres utilisateurs de Sciteens, vous donnant accès à des opportunités uniques grâce à la collaboration avec vos pairs et votre mentorat par des chercheurs accomplis dans les champs STEM.","स्काईटेंस के साथ आप लेख लिखकर या परियोजनाएं बनाकर अपने ज्ञान और अनुसंधान को साझा कर सकते हैं। आपके काम को अन्य स्काईटेन्स उपयोगकर्ताओं द्वारा देखा जा सकता है, जो आपको एसटीईएम क्षेत्रों में निपुण विद्वानों द्वारा अपने साथियों और मेंटरशिप के साथ सहयोग के माध्यम से अद्वितीय अवसरों तक पहुंच प्रदान करता है।"
Index,,spark_of_inspiration,"All it takes is a spark of inspiration, the willingness to work with your peers, and an account to get started doing scientific research and making a difference in your area of study.","Todo lo que se necesita es una chispa de inspiración, la voluntad de trabajar con sus compañeros y una cuenta para comenzar a hacer una investigación científica y hacer una diferencia en su área de estudio.","Tout ce qu'il faut, c'est une étincelle d'inspiration, la volonté de travailler avec vos pairs et un compte pour commencer à faire des recherches scientifiques et faire une différence dans votre domaine d'étude.","यह सब लेता है प्रेरणा की एक चिंगारी है, अपने साथियों के साथ काम करने की इच्छा, और वैज्ञानिक अनुसंधान करने और अध्ययन के क्षेत्र में एक अंतर बनाने के लिए एक खाता है।"
Index,,sciteens_pride,"SciTeens takes pride in its open source and collaborative platform, but let our users do the talking for us.","Sciteens se enorgullece de su código abierto y plataforma de colaboración, pero deja que nuestros usuarios hablen por nosotros.","Sciteens est fier de sa plate-forme open source et collaborative, mais laissez nos utilisateurs parler pour nous.","स्काईन्स अपने खुले स्रोत और सहयोगी मंच पर गर्व करता है, लेकिन हमारे उपयोगकर्ताओं को हमारे लिए बात करने दें।"
Index,,monthly_users,Monthly Active Users,Usuarios activos mensuales,Utilisateurs actifs mensuels,मासिक सक्रिय उपयोगकर्ता
Index,,schools,schools,escuelas,écoles,स्कूलों
Index,,countries,countries,países,des pays,देशों
Index,,featured_media,Featured Media,Medios destacados,Médias en vedette,फीचर्ड मीडिया
Index,,data_science_and_ecology,SciTeens: Data Science and Ecology for Gen Z,Sciteens: Data Science and Ecology for Gen Z,Sciteens: science des données et écologie pour la génération Z,स्काइटेंस: जनरल जेड के लिए डेटा विज्ञान और पारिस्थितिकी
Index,,ideas_challenge,IDEAS challenge showcases social ventures at MIT,Ideas Challenge muestra empresas sociales en el MIT,Les idées Challenge présentent des entreprises sociales au MIT,विचार चुनौती MIT में सामाजिक उपक्रमों को प्रदर्शित करती है
Index,,young_scholars_program,Young Scholars Online Program turns students into scientists,El programa en línea de Young Scholars convierte a los estudiantes en científicos,Le programme en ligne des jeunes chercheurs transforme les étudiants en scientifiques,युवा विद्वान ऑनलाइन कार्यक्रम छात्रों को वैज्ञानिकों में बदल देता है
Index,,partners,Partners and Programs,Socios y programas,Partenaires et programmes,भागीदार और कार्यक्रम
Index,,support_us,"If you'd like to support us, please consider","Si desea apoyarnos, considere","Si vous souhaitez nous soutenir, veuillez considérer","यदि आप हमारा समर्थन करना चाहते हैं, तो कृपया विचार करें"
Index,,donating,donating.,donación.,don.,दान करना।
Index,,,,#VALUE!,#VALUE!,#VALUE!
Projects,,projects,Projects,Proyectos,Projets,परियोजनाओं
Projects,,sorry,"Sorry, we couldn't find any searches related to","Lo siento, no pudimos encontrar ninguna búsqueda relacionada con","Désolé, nous n'avons pas trouvé de recherches liées à","क्षमा करें, हम किसी भी खोज से संबंधित नहीं पा सकते हैं"
Projects,,search_projects,Search for Projects,Buscar proyectos,Rechercher des projets,परियोजनाओं के लिए खोजें
Projects,,search,Search,Búsqueda,Chercher,खोज
Projects,,topics,Topics,Temas,Les sujets,विषय
Fields,,all,All,Todos,Tout,सभी
Fields,,biology,Biology,Biología,La biologie,जीवविज्ञान
Fields,,chemistry,Chemistry,Química,Chimie,रसायन शास्त्र
Fields,,cognitive_science,Cognitive Science,Ciencia cognitiva,Sciences cognitives,संज्ञात्मक विज्ञान
Fields,,computer_science,Computer Science,Ciencias de la Computación,L'informatique,कंप्यूटर विज्ञान
Fields,,earth_science,Earth Science,ciencia de la Tierra,sciences de la Terre,पृथ्वी विज्ञान
Fields,,electrical_engineering,Electrical Engineering,Ingenieria Eléctrica,Ingénierie électrique,विद्युत अभियन्त्रण
Fields,,environmental_science,Environmental Science,Ciencia medioambiental,Sciences de l'environnement,पर्यावरण विज्ञान
Fields,,mathematics,Mathematics,Matemáticas,Mathématiques,गणित
Fields,,mechanical_engineering,Mechanical Engineering,Ingeniería Mecánica,Génie mécanique,मैकेनिकल इंजीनियरिंग
Fields,,medicine,Medicine,Medicamento,Médecine,दवा
Fields,,physics,Physics,Física,La physique,भौतिक विज्ञान
Fields,,space_science,Space Science,Ciencia espacial,Science de l'espace,अंतरिक्ष विज्ञान
Fields,,fall_2022_science_fair,Fall 2022 Science Fair,Otoño 2022 Feria de ciencias,Foire scientifique automne 2022,पतन 2022 विज्ञान मेला
Fields,,,,,,
Navigation,,home,Home,Hogar,Maison,घर
Navigation,,about,About,Sobre,À propos de,के बारे में
Navigation,,articles,Articles,Artículos,Des articles,सामग्री
Navigation,,projects,Projects,Proyectos,Projets,परियोजनाओं
Navigation,,courses,Courses,Cursos,Cours,पाठ्यक्रम
Navigation,,get_involved,Get Involved,Involucrarse,Être impliqué,उलझना
Navigation,,donate,Donate,Donar,Faire un don,दान देना
Navigation,,sign_out,Sign Out,Desconectar,Se déconnecter,साइन आउट
Navigation,,sign_up,Sign Up,Inscribirse,S'inscrire,साइन अप करें
Navigation,,profile,Profile,Perfil,Profil,प्रोफ़ाइल
Footer,,,,#VALUE!,#VALUE!,#VALUE!
Footer,,organization,ORGANIZATION,ORGANIZACIÓN,ORGANISME,संगठन
Footer,,about,About,Sobre,À propos de,के बारे में
Footer,,get_started,Get Started,Empezar,Commencer,शुरू हो जाओ
Footer,,contact,Contact,Contacto,Contact,संपर्क करना
Footer,,get_involved,Get Involved,Involucrarse,Être impliqué,उलझना
Footer,,feedback,Feedback,Retroalimentación,Retour d'information,प्रतिपुष्टि
Footer,,legal,LEGAL,LEGAL,JURIDIQUE,कानूनी
Footer,,privacy,Privacy,Privacidad,Intimité,गोपनीयता
Footer,,terms,Terms,Términos,Conditions,शर्तें
Footer,,cookies,Cookies,Galletas,Biscuits,कुकीज़
Footer,,language,LANGUAGE,IDIOMA,LANGUE,भाषा: हिन्दी
Footer,,follow_us,FOLLOW US,SÍGANOS,SUIVEZ-NOUS,हमारा अनुसरण करें
Educators,,,,,,
Educators,,courses,Courses,Cursos,Cours,पाठ्यक्रम
Educators,,accessible_courses,"At SciTeens, we like to make 100% online and accessible science courses for high schoolers. Currently, we have ecological, biological, and physics tracks. To get a breakdown of each of our courses, navigate to our Courses page.","En Sciteens, nos gusta hacer cursos de ciencias 100% en línea y accesibles para estudiantes de secundaria. Actualmente, tenemos pistas ecológicas, biológicas y físicas. Para obtener un desglose de cada uno de nuestros cursos, navegue a nuestra página de cursos.","Chez Sciteens, nous aimons faire des cours de sciences à 100% en ligne et accessibles pour les lycéens. Actuellement, nous avons des pistes écologiques, biologiques et physiques. Pour obtenir une ventilation de chacun de nos cours, accédez à notre page de cours.","स्काईनेंस में, हम हाई स्कूलर्स के लिए 100% ऑनलाइन और सुलभ विज्ञान पाठ्यक्रम बनाना पसंद करते हैं। वर्तमान में, हमारे पास पारिस्थितिक, जैविक और भौतिकी ट्रैक हैं। हमारे प्रत्येक पाठ्यक्रम का टूटना पाने के लिए, हमारे पाठ्यक्रम पृष्ठ पर नेविगेट करें।"
Educators,,promote_to_students,"As an educator, you can promote these courses to your students, as they can be completed completely online and for free. The course materials are accessible for the students to work through on their own time, but we run synchronous sessions at various times throughout the year. To sign up for a synchronous course, your students should make a SciTeens account (which will automatically add them to the mailing list) in order to be notified as soon as possible.","Como educador, puede promover estos cursos a sus alumnos, ya que pueden completarse completamente en línea y de forma gratuita. Los materiales del curso son accesibles para que los estudiantes trabajen en su propio tiempo, pero realizamos sesiones síncronas en varios momentos durante todo el año. Para suscribirse a un curso sincrónico, sus estudiantes deben hacer una cuenta de Sciteens (que los agregará automáticamente a la lista de correo) para ser notificados lo antes posible.","En tant qu'éducateur, vous pouvez promouvoir ces cours auprès de vos étudiants, car ils peuvent être complétés entièrement en ligne et gratuitement. Les documents de cours sont accessibles pour que les étudiants puissent travailler à leur rythme, mais nous organisons des sessions synchrones à divers moments tout au long de l'année. Pour vous inscrire à un cours synchrone, vos étudiants devraient créer un compte Sciteens (qui les ajoutera automatiquement à la liste de diffusion) afin d'être averti dès que possible.","एक शिक्षक के रूप में, आप अपने छात्रों को इन पाठ्यक्रमों को बढ़ावा दे सकते हैं, क्योंकि वे पूरी तरह से ऑनलाइन और मुफ्त में पूरा हो सकते हैं। पाठ्यक्रम सामग्री छात्रों के लिए अपने समय के माध्यम से काम करने के लिए सुलभ है, लेकिन हम पूरे वर्ष कई बार सिंक्रोनस सत्र चलाते हैं। एक सिंक्रोनस कोर्स के लिए साइन अप करने के लिए, आपके छात्रों को जल्द से जल्द सूचित करने के लिए एक स्काईनस खाता (जो स्वचालित रूप से उन्हें मेलिंग सूची में जोड़ देगा) बनाना चाहिए।"
Educators,,use_colab,"Our courses use the following software: Google Colab and Google Slides. Google Colab is what you and your students will use to load our coding lessons, which are in Jupyter Notebook format. As long as you have a Google account, you’re all set to use the notebooks!","Nuestros cursos utilizan el siguiente software: Google Colab y Google Slides. Google Colab es lo que usted y sus alumnos usarán para cargar nuestras lecciones de codificación, que están en formato de cuaderno Jupyter. ¡Mientras tenga una cuenta de Google, está listo para usar los cuadernos!","Nos cours utilisent le logiciel suivant: Google Colab et Google diaposentes. Google Colab est ce que vous et vos élèves utiliserez pour charger nos leçons de codage, qui sont au format de cahier Jupyter. Tant que vous avez un compte Google, vous êtes prêt à utiliser les ordinateurs portables!","हमारे पाठ्यक्रम निम्नलिखित सॉफ़्टवेयर का उपयोग करते हैं: Google Colab और Google स्लाइड। Google Colab वह है जो आप और आपके छात्र हमारे कोडिंग पाठों को लोड करने के लिए उपयोग करेंगे, जो Jupyter नोटबुक प्रारूप में हैं। जब तक आपके पास Google खाता है, आप नोटबुक का उपयोग करने के लिए तैयार हैं!"
Educators,,contact_us,"If you have any questions or feedback on our courses, we’d love to hear from you! You can email either ","Si tiene alguna pregunta o comentario sobre nuestros cursos, ¡nos encantaría saber de usted! Puedes enviar un correo electrónico tampoco","Si vous avez des questions ou des commentaires sur nos cours, nous serions ravis de vous entendre! Vous pouvez envoyer un e-mail","यदि आपके पास हमारे पाठ्यक्रमों पर कोई प्रश्न या प्रतिक्रिया है, तो हम आपसे सुनना पसंद करेंगे! आप या तो ईमेल कर सकते हैं"
Educators,,or,or,o,ou,या
Educators,,respectively,respectively,respectivamente,respectivement,क्रमश:
Educators,,resources,Resources,Recursos,Ressources,साधन
Educators,,science_resources,"In addition to courses, we provide students with science resources. On our SciTeens YouTube channel, we post interviews, talks, and even science experiments.","Además de los cursos, brindamos a los estudiantes recursos científicos. En nuestro canal de YouTube Sciteens, publicamos entrevistas, conversaciones e incluso experimentos científicos.","En plus des cours, nous fournissons aux étudiants des ressources scientifiques. Sur notre chaîne YouTube Sciteens, nous publions des interviews, des discussions et même des expériences scientifiques.","पाठ्यक्रमों के अलावा, हम छात्रों को विज्ञान संसाधन प्रदान करते हैं। हमारे स्काईटेंस YouTube चैनल पर, हम साक्षात्कार, वार्ता और यहां तक ​​कि विज्ञान प्रयोगों को पोस्ट करते हैं।"
Educators,,popular_video,Our most popular video:,Nuestro video más popular:,Notre vidéo la plus populaire:,हमारा सबसे लोकप्रिय वीडियो:
Educators,,recent_video,Our most recent video:,Nuestro video más reciente:,Notre vidéo la plus récente:,हमारा सबसे हालिया वीडियो:
Educators,,articles_page,"Also, we have a whole page dedicated to science articles. Our articles are a great way for students to explore their STEM interests, as they’re written for and by fellow students. A few of our most recent articles include: Classification of Animals as it Relates to Humans, Are Ghosts Real?, and Your Mini Guide For Antibiotics Usage.","Además, tenemos una página completa dedicada a los artículos de ciencias. Nuestros artículos son una excelente manera para que los estudiantes exploren sus intereses STEM, como están escritos para compañeros y por compañeros. Algunos de nuestros artículos más recientes incluyen: Clasificación de animales en relación con los humanos, ¿son reales fantasmas?, Y su mini guía para el uso de antibióticos.","De plus, nous avons une page entière dédiée aux articles scientifiques. Nos articles sont un excellent moyen pour les étudiants d'explorer leurs intérêts STEM, car ils sont écrits et par leurs camarades. Quelques-uns de nos articles les plus récents incluent: la classification des animaux en ce qui concerne les humains, les fantômes sont-ils réels ?, Et votre mini guide pour l'utilisation des antibiotiques.","इसके अलावा, हमारे पास एक पूरा पृष्ठ विज्ञान लेखों के लिए समर्पित है। हमारे लेख छात्रों के लिए अपने एसटीईएम हितों का पता लगाने के लिए एक शानदार तरीका है, जैसा कि वे साथी छात्रों द्वारा लिखे गए हैं। हमारे सबसे हाल के लेखों में से कुछ में शामिल हैं: जानवरों का वर्गीकरण जैसा कि यह मनुष्यों से संबंधित है, क्या भूत वास्तविक हैं?, और एंटीबायोटिक दवाओं के उपयोग के लिए आपका मिनी गाइड।"
Educators,,projects,Projects,Proyectos,Projets,परियोजनाओं
Educators,,post_projects,"If your students are working on a science project, either on their own time or for a competition, you can encourage them to post it on SciTeens! Our Project page is dedicated to students who want to share their work and get feedback. On the page, students can view existing projects, leave comments, and post their own work. They can also update it as they go; projects do not have to be completed in order to be posted!","Si sus alumnos están trabajando en un proyecto de ciencias, ya sea en su propio tiempo o para una competencia, ¡puede alentarlos a publicarlo en Sciteens! Nuestra página del proyecto está dedicada a los estudiantes que desean compartir su trabajo y recibir comentarios. En la página, los estudiantes pueden ver proyectos existentes, dejar comentarios y publicar su propio trabajo. También pueden actualizarlo a medida que avanzan; ¡Los proyectos no tienen que completarse para que se publiquen!","Si vos étudiants travaillent sur un projet scientifique, soit sur leur propre temps, soit pour un concours, vous pouvez les encourager à le publier sur Sciteens! Notre page de projet est dédiée aux étudiants qui souhaitent partager leur travail et obtenir des commentaires. Sur la page, les étudiants peuvent consulter les projets existants, laisser des commentaires et publier leur propre travail. Ils peuvent également le mettre à jour au fur et à mesure; Les projets ne doivent pas être terminés pour être publiés!","यदि आपके छात्र एक विज्ञान परियोजना पर काम कर रहे हैं, तो या तो अपने समय पर या एक प्रतियोगिता के लिए, आप उन्हें स्काईन पर पोस्ट करने के लिए प्रोत्साहित कर सकते हैं! हमारा प्रोजेक्ट पेज उन छात्रों को समर्पित है जो अपना काम साझा करना चाहते हैं और प्रतिक्रिया प्राप्त करना चाहते हैं। पृष्ठ पर, छात्र मौजूदा परियोजनाओं को देख सकते हैं, टिप्पणियां छोड़ सकते हैं और अपना काम पोस्ट कर सकते हैं। वे जाते ही इसे अपडेट भी कर सकते हैं; पोस्ट करने के लिए परियोजनाओं को पूरा करने की आवश्यकता नहीं है!"
Educators,,thanks,Thanks for checking out our Educators page! We hope to collaborate with you soon.,¡Gracias por visitar nuestra página de Educadores! Esperamos colaborar contigo pronto.,Merci d'avoir consulté notre page Educators! Nous espérons collaborer avec vous bientôt.,हमारे शिक्षकों के पेज की जाँच करने के लिए धन्यवाद! हम जल्द ही आपके साथ सहयोग करने की उम्मीद करते हैं।
Educators,,,,,,
Educators,,,,,,
Educators,,,,,,
Educators,,,,,,
Educators,,,,,,
Educators,,,,,,
Educators,,,,,,